recipeid,vegetarian,vegan,gluten_free,dairy_free,nut_free,low_carb,keto,paleo
0,0,0,0,0,1,0,0,0
1,1,0,1,1,1,0,0,1
2,1,0,0,0,1,0,0,0
3,0,0,0,0,1,0,0,0
4,1,1,1,0,1,0,0,0
5,1,1,1,1,1,0,0,0
6,1,0,1,0,1,0,0,0
7,1,1,1,1,1,0,0,0
8,0,0,0,0,1,0,0,0
9,1,0,1,0,1,0,0,0
10,1,0,1,0,1,1,0,0
11,0,0,1,1,1,0,0,0
12,0,0,1,0,1,0,0,0
13,0,0,0,0,1,0,0,0
14,0,0,1,0,1,0,0,0
15,0,0,1,0,1,0,0,0
16,0,0,1,1,1,0,0,0
17,1,0,1,0,1,1,0,1
18,0,0,0,0,1,0,0,0
19,1,1,1,1,0,0,0,1
20,1,0,1,0,1,0,0,1
21,1,1,1,1,0,0,0,1
22,1,0,1,0,0,0,0,0
23,1,0,1,0,1,0,0,0
24,0,0,1,1,1,1,1,0
25,1,1,1,1,1,1,0,1
26,1,1,1,1,1,0,0,0
27,0,0,1,0,1,0,0,0
28,1,1,1,1,1,1,0,0
29,0,0,1,1,1,0,0,0
30,1,1,1,1,1,1,0,1
31,0,0,1,0,1,0,0,0
32,1,1,1,1,1,1,0,0
33,0,0,1,0,1,0,0,0
34,1,0,1,0,1,0,0,0
35,1,1,1,1,1,1,0,0
36,1,0,0,0,1,0,0,1
37,0,0,1,0,1,1,0,0
38,1,0,0,0,1,0,0,1
39,1,0,1,1,1,1,1,1
40,1,0,1,0,1,0,0,0
41,1,0,1,0,1,0,0,1
42,1,0,0,0,1,0,0,1
43,0,0,1,1,1,1,0,0
44,1,0,0,0,1,0,0,0
45,0,0,1,0,1,0,0,0
46,1,1,0,1,1,0,0,0
47,0,0,1,1,1,0,0,0
48,0,0,1,1,1,0,0,0
49,0,0,1,0,0,0,0,0
50,0,0,1,0,1,0,0,0
51,1,0,1,0,1,1,1,0
52,1,0,1,0,1,1,1,1
53,1,0,0,0,1,0,0,0
54,1,0,0,0,1,0,0,0
55,1,0,1,0,1,0,0,0
56,0,0,1,1,1,0,0,0
57,0,0,1,1,1,0,0,0
58,0,0,0,0,0,0,0,0
59,0,0,1,0,1,0,0,0
60,0,0,1,1,1,0,0,0
61,0,0,1,1,1,0,0,0
62,1,0,1,0,0,0,0,1
63,1,0,1,0,1,0,0,0
64,1,1,1,1,1,1,0,1
65,1,0,1,0,1,0,0,0
66,0,0,1,1,1,0,0,0
67,0,0,0,0,0,1,1,0
68,1,0,0,0,1,0,0,0
69,1,0,0,0,0,0,0,1
70,1,0,0,0,0,0,0,0
71,1,0,1,1,1,0,0,0
72,1,0,0,0,1,0,0,1
73,0,0,1,1,1,1,0,0
74,1,1,1,1,1,1,1,0
75,0,0,1,1,0,0,0,0
76,0,0,1,0,1,0,0,0
77,0,0,1,1,1,0,0,0
78,1,0,0,0,0,0,0,1
79,1,0,1,0,1,0,0,0
80,1,0,0,0,1,0,0,1
81,1,0,0,0,0,0,0,1
82,0,0,0,1,1,0,0,0
83,0,0,1,1,1,1,0,0
84,1,1,1,1,1,0,0,0
85,1,1,1,1,1,0,0,0
86,1,0,0,0,0,0,0,1
87,0,0,1,1,1,0,0,0
88,1,0,0,0,1,0,0,1
89,1,0,0,0,1,0,0,0
90,1,0,0,0,1,0,0,1
91,1,0,0,0,0,0,0,1
92,1,0,0,1,1,0,0,0
93,1,0,1,1,1,1,0,1
94,0,0,0,1,1,0,0,0
95,1,0,1,1,1,0,0,0
96,1,0,0,0,0,0,0,1
97,1,1,1,1,1,1,0,0
98,0,0,1,0,1,0,0,0
99,0,0,0,1,1,0,0,0
100,0,0,1,0,1,0,0,0
101,0,0,0,1,1,0,0,0
103,1,1,1,1,0,1,1,1
104,1,1,1,1,1,0,0,0
105,1,1,1,1,1,0,0,0
106,1,0,0,0,1,0,0,0
107,1,1,1,1,1,1,0,0
108,1,1,1,1,1,0,0,0
109,0,0,1,1,1,0,0,0
110,1,1,1,1,1,0,0,1
111,1,0,0,0,1,0,0,1
112,1,1,1,1,1,0,0,0
113,0,0,1,0,1,0,0,0
114,1,0,1,0,0,0,0,0
115,1,0,1,0,1,1,0,0
116,1,0,1,0,1,1,1,1
117,1,0,0,0,1,0,0,0
118,1,0,0,1,1,0,0,1
119,1,1,1,1,1,0,0,0
120,1,1,1,1,1,1,0,1
121,1,1,1,1,1,1,0,0
122,0,0,0,1,1,0,0,0
123,1,0,0,0,1,0,0,0
124,0,0,1,1,0,1,0,0
125,1,0,1,0,1,1,0,1
126,1,1,1,1,0,1,0,1
127,1,0,1,0,1,0,0,0
129,1,0,1,0,1,0,0,0
130,1,1,1,1,1,0,0,0
131,0,0,1,1,1,1,0,0
132,0,0,1,1,1,0,0,0
133,1,1,1,1,1,0,0,1
134,1,0,1,1,1,0,0,0
135,1,1,1,1,1,0,0,1
136,0,0,0,0,1,0,0,0
137,1,0,1,1,1,0,0,1
138,0,0,0,1,1,0,0,1
139,1,0,1,0,1,0,0,0
140,1,1,1,1,1,0,0,0
141,1,1,1,1,1,0,0,0
142,1,1,1,1,1,0,0,0
143,1,1,1,1,1,0,0,0
144,1,1,1,1,1,0,0,0
145,1,1,1,1,1,0,0,1
146,1,1,1,1,1,0,0,1
147,1,1,1,1,1,1,0,0
148,1,1,1,1,1,1,0,0
149,1,1,1,1,1,0,0,0
150,1,1,1,1,1,0,0,0
151,0,0,0,0,1,0,0,1
152,1,1,1,1,0,0,0,1
153,1,0,0,1,1,0,0,1
154,0,0,1,1,1,0,0,0
155,1,0,0,0,1,0,0,1
156,1,0,1,0,1,0,0,1
157,1,0,0,0,1,0,0,0
158,1,1,1,1,1,0,0,1
159,0,0,1,0,1,0,0,0
160,1,1,1,1,1,1,0,1
161,0,0,1,1,1,0,0,0
162,1,0,0,0,1,0,0,1
163,0,0,1,1,1,0,0,0
164,1,0,0,0,0,0,0,1
165,1,0,0,0,1,0,0,0
166,1,0,0,0,1,0,0,1
167,1,0,0,0,1,0,0,1
168,1,1,1,1,1,0,0,1
169,1,0,0,0,1,0,0,1
170,1,0,0,0,1,0,0,0
171,0,0,1,1,1,0,0,0
172,1,1,1,1,1,0,0,0
173,1,1,0,0,1,0,0,0
174,1,0,1,0,1,1,0,0
175,1,0,0,0,1,0,0,1
176,1,1,1,1,1,0,0,0
177,0,0,1,1,1,0,0,0
178,1,0,0,0,0,0,0,0
179,1,1,1,1,1,0,0,0
180,1,0,0,0,1,0,0,1
181,1,0,0,0,1,0,0,1
182,1,1,1,1,0,0,0,0
183,1,0,0,0,1,0,0,0
184,1,0,0,0,0,0,0,1
185,0,0,1,1,1,0,0,0
186,0,0,1,1,1,0,0,0
187,1,0,0,0,1,0,0,1
188,1,0,1,1,0,1,0,1
189,1,1,1,1,1,1,0,1
190,1,0,0,0,0,0,0,1
191,1,0,0,0,1,0,0,1
192,1,0,0,0,1,0,0,1
193,1,0,1,0,0,0,0,0
194,1,1,1,1,1,0,0,1
195,1,0,0,0,1,0,0,1
196,1,1,1,1,1,0,0,0
197,1,1,1,1,1,0,0,1
198,1,1,1,1,1,0,0,0
199,1,1,1,1,1,0,0,0
200,1,1,1,1,1,0,0,1
201,0,0,0,0,1,0,0,0
202,1,1,1,1,1,0,0,1
203,0,0,1,1,1,1,1,0
204,0,0,1,1,0,0,0,0
205,1,0,1,0,1,0,0,0
206,0,0,1,0,1,1,1,0
207,0,0,1,0,1,1,1,0
208,1,1,0,1,1,0,0,0
209,1,0,0,0,1,0,0,1
210,1,0,0,0,1,0,0,0
211,1,0,0,0,1,0,0,1
212,1,1,1,1,1,1,0,0
213,1,1,1,1,1,0,0,0
214,1,0,0,0,1,0,0,1
215,0,0,1,1,1,0,0,0
216,1,0,1,0,1,0,0,0
217,1,0,0,0,1,0,0,0
218,1,0,0,0,1,0,0,1
219,1,0,0,0,1,0,0,1
220,1,1,1,1,1,1,0,0
221,1,1,1,1,1,0,0,0
222,0,0,1,1,1,0,0,0
223,0,0,0,0,0,0,0,0
224,0,0,1,0,1,0,0,0
225,0,0,1,0,1,0,0,0
226,1,1,1,1,1,0,0,0
227,1,0,0,0,1,0,0,1
228,1,0,0,0,1,0,0,1
229,0,0,0,1,1,0,0,0
230,1,1,1,1,1,0,0,0
231,1,1,1,1,1,0,0,0
232,1,0,0,0,1,0,0,1
233,1,1,1,1,1,1,0,1
234,1,0,0,0,0,0,0,1
235,1,1,1,1,1,1,1,1
236,1,1,1,1,1,1,0,0
237,1,1,1,1,1,0,0,0
238,1,1,1,1,1,0,0,0
239,1,0,0,0,1,0,0,1
240,1,1,1,1,1,0,0,0
241,1,1,1,1,1,0,0,0
242,1,1,1,1,1,0,0,0
243,1,1,1,1,1,1,0,1
244,1,0,0,0,1,0,0,1
245,1,0,0,0,0,0,0,1
246,1,0,1,0,1,1,1,1
247,0,0,0,1,1,0,0,0
248,1,0,0,0,0,0,0,1
249,0,0,1,0,1,0,0,1
250,0,0,0,0,1,0,0,1
251,1,0,1,1,1,0,0,0
252,1,0,1,1,1,0,0,1
253,0,0,0,0,1,0,0,0
254,0,0,1,1,1,0,0,0
255,1,1,1,1,0,1,0,1
256,0,0,0,1,1,0,0,1
257,1,0,1,0,0,0,0,1
258,0,0,1,0,0,1,0,0
259,1,0,1,0,0,0,0,1
260,0,0,1,1,1,1,1,0
261,1,0,1,0,1,0,0,0
262,1,0,1,0,1,0,0,0
263,1,0,1,0,1,1,1,1
264,0,0,1,0,1,0,0,1
265,1,0,1,0,1,1,0,0
266,1,0,0,0,1,0,0,1
267,1,0,0,0,1,0,0,0
268,1,1,1,1,0,0,0,1
269,1,1,0,1,0,0,0,0
270,1,0,1,0,1,0,0,0
271,0,0,1,0,1,0,0,1
272,0,0,0,1,1,0,0,0
273,0,0,0,1,1,0,0,0
274,0,0,0,0,1,0,0,0
275,1,1,1,1,1,0,0,0
276,1,0,0,0,1,0,0,1
277,1,0,0,0,1,0,0,1
278,1,0,0,0,1,0,0,1
279,1,1,1,1,1,1,0,0
280,1,1,0,1,1,0,0,0
281,1,0,0,0,1,1,0,1
282,1,0,0,0,0,0,0,1
283,1,0,1,1,1,0,0,0
284,1,1,1,1,1,0,0,1
285,1,0,0,0,1,0,0,0
286,1,0,0,0,1,0,0,1
287,0,0,1,0,0,0,0,0
288,1,0,0,0,1,0,0,0
289,0,0,1,1,1,0,0,0
290,1,1,1,1,1,0,0,0
291,0,0,1,1,1,0,0,0
292,0,0,1,1,1,1,1,0
293,1,0,0,0,0,0,0,1
294,0,0,1,1,1,0,0,0
295,0,0,0,0,1,0,0,0
296,0,0,0,1,1,0,0,1
297,0,0,1,1,1,1,0,0
298,0,0,1,1,1,0,0,0
299,0,0,1,1,1,0,0,0
300,0,0,1,0,0,0,0,0
301,1,1,1,1,1,1,0,1
302,1,1,1,1,1,1,0,1
303,1,0,1,1,1,1,0,1
304,0,0,1,1,1,1,1,0
305,1,1,1,1,1,0,0,0
306,1,0,0,1,0,0,0,1
307,0,0,1,1,1,0,0,0
308,0,0,1,1,1,0,0,0
309,0,0,1,0,1,0,0,1
310,1,0,1,0,1,1,0,0
311,1,0,1,0,1,0,0,0
312,1,1,1,1,0,1,0,0
313,0,0,0,1,1,0,0,0
314,1,1,1,1,1,0,0,0
315,0,0,0,1,0,0,0,0
316,0,0,1,1,0,0,0,0
317,1,1,1,1,1,0,0,0
318,1,1,1,1,0,0,0,1
319,0,0,0,0,1,0,0,0
320,1,0,0,0,1,0,0,1
321,0,0,1,0,1,1,1,0
322,1,1,0,1,1,0,0,0
323,1,1,1,1,1,0,0,0
324,1,1,1,1,1,1,0,1
325,1,1,1,1,1,0,0,0
326,0,0,1,0,1,0,0,0
327,0,0,1,1,1,1,1,0
328,0,0,1,0,1,0,0,0
329,1,0,1,0,0,1,1,1
330,0,0,1,0,1,0,0,0
331,1,0,1,0,1,0,0,0
332,0,0,1,1,1,1,0,0
333,1,0,1,0,1,1,0,0
334,0,0,1,0,1,1,1,1
335,0,0,1,0,1,0,0,0
336,1,1,1,1,1,0,0,0
337,0,0,1,0,1,1,0,0
338,0,0,1,0,1,0,0,0
339,0,0,1,1,1,0,0,0
340,1,0,1,0,0,1,1,1
341,0,0,1,1,0,0,0,0
342,1,1,1,1,1,0,0,0
343,0,0,1,1,1,1,1,0
344,0,0,1,1,1,0,0,0
345,0,0,0,1,1,0,0,1
346,1,0,0,0,1,0,0,0
347,1,0,0,1,1,0,0,0
348,1,1,1,1,1,0,0,0
349,1,0,0,0,0,0,0,0
351,1,1,1,1,1,0,0,0
352,1,1,1,1,1,1,0,0
353,1,1,0,1,1,0,0,0
354,1,1,0,1,1,0,0,0
355,1,1,1,1,1,0,0,0
356,1,1,0,1,1,0,0,0
357,1,0,1,0,1,1,0,1
358,1,1,1,1,1,1,0,0
359,1,1,1,1,1,0,0,0
360,1,1,1,1,1,1,0,0
361,0,0,1,0,1,1,1,0
362,1,0,1,1,1,0,0,1
363,0,0,1,1,1,0,0,0
364,1,1,1,1,1,0,0,1
366,0,0,0,1,1,0,0,1
367,1,1,1,1,1,1,0,0
368,0,0,1,0,0,1,1,0
369,0,0,1,1,1,1,1,0
370,1,1,1,1,1,0,0,0
371,1,1,1,1,1,1,0,0
372,1,0,0,0,0,0,0,1
373,0,0,1,0,1,1,1,0
374,0,0,1,1,1,0,0,0
375,1,1,1,1,1,1,0,0
376,0,0,1,1,1,0,0,0
377,1,0,0,0,1,0,0,0
378,0,0,0,1,1,0,0,0
379,1,0,0,1,1,0,0,1
380,1,1,1,1,1,0,0,0
381,1,1,1,1,0,0,0,1
382,1,1,1,1,1,1,0,1
383,0,0,1,1,1,0,0,0
384,1,0,1,0,1,0,0,0
385,0,0,1,1,1,0,0,0
386,1,0,1,0,1,0,0,0
387,1,1,1,1,1,0,0,1
388,0,0,0,0,1,0,0,0
389,0,0,0,0,1,0,0,0
390,0,0,1,0,1,1,0,0
391,1,0,1,0,1,0,0,1
392,1,0,1,0,1,0,0,1
393,1,0,1,0,1,1,1,1
394,1,0,1,0,0,1,1,1
395,1,0,1,0,1,1,0,0
396,1,0,1,0,0,0,0,1
397,1,1,1,1,1,1,0,0
398,1,1,1,1,1,0,0,1
399,1,1,1,1,1,0,0,1
400,1,0,0,0,1,0,0,0
401,1,0,0,0,1,0,0,0
402,0,0,1,0,1,0,0,0
403,1,1,1,1,1,1,0,1
404,1,0,1,0,0,0,0,1
405,1,1,1,1,1,0,0,0
406,1,1,1,1,1,0,0,0
407,0,0,1,1,0,1,0,1
408,0,0,1,1,0,0,0,0
409,0,0,1,0,1,1,1,0
410,1,1,1,1,1,0,0,0
411,1,1,1,1,1,0,0,0
412,0,0,0,0,1,0,0,0
413,1,0,1,0,0,0,0,1
414,1,0,0,0,1,0,0,1
415,0,0,1,1,1,1,1,0
416,1,0,1,0,0,0,0,1
417,0,0,1,1,1,1,0,1
418,0,0,1,0,1,1,1,1
419,1,0,1,0,1,0,0,1
420,0,0,0,0,0,0,0,1
421,0,0,1,1,1,0,0,0
422,1,0,0,1,1,0,0,1
423,1,0,1,0,1,0,0,0
424,1,0,0,1,1,0,0,1
425,1,1,1,1,1,0,0,0
426,1,0,1,1,1,0,0,0
427,1,0,1,0,1,1,1,1
428,1,0,1,1,1,1,0,1
429,0,0,0,0,1,0,0,0
430,1,1,1,1,1,1,0,1
431,0,0,1,1,1,1,0,0
432,1,1,1,1,1,1,0,0
433,1,1,1,1,1,1,0,0
434,1,1,1,1,1,1,0,0
435,1,1,1,1,1,1,0,0
436,1,1,1,1,1,1,0,0
437,1,1,1,1,1,1,0,1
438,0,0,0,1,1,0,0,0
439,0,0,1,0,1,1,0,1
440,0,0,1,0,1,0,0,0
441,0,0,1,0,0,1,1,0
442,0,0,0,0,1,0,0,0
443,1,0,0,0,1,0,0,1
444,1,1,1,1,1,1,0,1
445,1,1,1,1,1,0,0,0
446,1,1,1,1,1,0,0,1
447,0,0,0,0,1,0,0,0
448,1,0,1,0,1,0,0,1
449,0,0,0,0,1,0,0,1
450,0,0,1,1,1,0,0,1
451,1,0,0,0,0,0,0,1
452,0,0,1,1,1,0,0,0
453,1,0,0,0,1,0,0,0
454,0,0,0,0,1,0,0,0
455,0,0,1,1,1,0,0,0
456,0,0,1,0,1,1,1,0
457,1,1,0,1,1,0,0,0
458,0,0,1,0,1,1,1,0
459,0,0,1,1,1,1,0,0
460,0,0,1,0,1,0,0,0
461,1,0,0,0,0,0,0,0
462,1,0,1,0,1,0,0,1
463,0,0,1,0,1,0,0,1
464,1,0,0,0,1,0,0,0
465,1,0,0,0,0,0,0,1
466,0,0,0,0,1,0,0,0
467,0,0,1,1,1,0,0,1
468,0,0,1,0,0,0,0,1
469,0,0,0,0,1,0,0,0
470,1,1,1,1,0,1,0,1
471,0,0,0,0,1,0,0,0
472,1,0,1,0,1,1,1,1
473,0,0,1,0,1,1,1,1
474,1,0,1,0,1,0,0,1
475,1,0,1,0,0,0,0,0
476,1,0,1,0,0,0,0,1
477,1,1,1,1,1,0,0,0
478,1,0,0,0,0,0,0,1
479,0,0,1,1,1,0,0,0
480,0,0,1,1,1,0,0,0
481,1,1,1,1,1,0,0,0
482,0,0,1,1,0,0,0,0
483,0,0,1,1,0,1,1,0
484,0,0,0,0,1,0,0,0
485,0,0,0,0,1,0,0,0
486,1,0,0,0,0,0,0,1
488,1,0,0,0,0,0,0,1
489,1,0,0,0,1,0,0,0
490,0,0,1,1,1,0,0,0
491,1,0,0,0,0,0,0,1
492,1,0,1,0,1,0,0,0
493,0,0,1,1,1,0,0,0
494,0,0,1,0,0,0,0,0
495,1,1,0,1,1,0,0,0
496,1,1,1,1,1,1,0,1
497,0,0,0,0,0,1,0,1
498,0,0,1,1,0,0,0,0
499,0,0,1,0,1,1,1,0
500,1,0,0,0,0,0,0,0
501,0,0,1,1,0,1,0,1
502,1,1,1,1,1,0,0,1
503,0,0,0,0,1,0,0,0
504,0,0,1,1,1,0,0,0
505,1,0,1,0,1,0,0,1
506,1,0,1,0,1,0,0,1
507,0,0,1,1,0,0,0,0
508,1,0,1,0,1,1,1,1
509,1,0,0,1,1,0,0,1
510,1,1,1,1,0,1,0,1
511,0,0,1,1,1,0,0,0
512,0,0,0,1,1,0,0,1
513,0,0,1,1,1,0,0,0
514,0,0,1,0,0,0,0,0
515,1,1,1,1,1,0,0,0
516,1,1,1,1,0,0,0,0
517,1,1,1,1,0,0,0,1
518,1,0,0,0,0,0,0,1
519,1,0,0,0,0,0,0,1
520,0,0,1,0,0,0,0,1
521,0,0,0,0,1,0,0,0
522,1,0,0,0,0,0,0,1
523,1,1,0,1,0,0,0,1
524,1,0,1,0,1,1,1,1
525,0,0,1,0,1,0,0,1
526,1,0,1,0,1,0,0,1
527,1,1,1,1,1,0,0,0
528,0,0,1,0,0,0,0,0
529,0,0,1,1,1,0,0,0
530,1,0,0,0,1,0,0,1
531,1,0,0,0,1,0,0,0
532,1,1,1,1,1,1,0,1
533,1,0,0,0,1,0,0,1
534,0,0,1,1,1,0,0,0
535,0,0,0,0,0,0,0,1
536,1,0,1,1,1,0,0,1
537,1,0,1,1,1,1,1,1
538,0,0,1,1,1,0,0,0
539,1,0,1,0,0,0,0,0
540,1,0,0,0,1,0,0,0
541,1,0,0,0,1,0,0,0
542,1,0,1,0,1,1,1,1
543,1,0,1,1,1,0,0,1
544,1,0,1,0,1,0,0,1
545,1,0,0,0,1,0,0,1
546,1,1,1,1,1,0,0,0
547,1,0,1,1,0,0,0,1
548,1,0,1,1,1,0,0,0
549,1,1,0,1,1,0,0,0
550,1,1,1,1,1,0,0,0
551,1,0,1,0,1,0,0,1
552,1,0,0,0,0,0,0,1
553,1,1,1,1,1,0,0,0
554,1,0,1,0,0,0,0,1
555,1,0,1,0,0,0,0,1
556,0,0,1,0,1,0,0,0
557,0,0,1,0,1,0,0,0
558,0,0,0,1,1,0,0,0
559,0,0,1,0,1,0,0,0
560,1,0,1,0,1,0,0,0
561,1,0,1,0,1,1,0,1
562,0,0,1,0,1,0,0,0
563,0,0,1,0,1,0,0,0
564,1,0,1,0,1,0,0,0
565,1,1,1,1,1,1,0,0
566,1,0,1,0,0,1,1,1
567,1,0,1,1,1,0,0,0
568,1,0,1,0,1,0,0,0
569,1,0,1,0,1,0,0,1
570,1,0,1,0,1,0,0,0
571,1,0,0,0,1,0,0,0
572,0,0,0,0,1,0,0,0
573,0,0,1,0,1,1,1,0
574,1,0,0,0,1,0,0,0
575,0,0,0,0,1,0,0,1
576,0,0,1,1,1,0,0,0
577,0,0,0,0,1,0,0,1
578,1,0,0,1,0,0,0,0
579,1,1,1,1,1,1,0,1
580,0,0,1,1,1,1,1,0
581,1,0,1,0,1,0,0,1
582,1,0,1,1,1,0,0,0
583,0,0,1,0,0,0,0,1
584,1,0,1,0,1,0,0,1
585,0,0,0,1,1,0,0,0
586,1,1,1,1,1,1,0,1
587,0,0,1,1,1,0,0,0
588,1,0,1,1,1,1,0,1
589,1,1,0,1,1,0,0,1
590,0,0,1,0,1,0,0,0
591,1,0,1,0,1,0,0,0
592,1,0,0,0,1,0,0,0
593,0,0,1,1,1,0,0,0
594,1,1,1,1,1,0,0,0
595,0,0,1,1,1,0,0,0
596,1,0,1,0,1,0,0,0
597,1,0,1,0,1,1,0,1
598,1,0,1,1,0,1,0,1
599,1,0,1,0,1,1,1,1
600,1,0,0,0,1,0,0,1
601,1,0,1,1,1,0,0,1
602,0,0,1,0,1,0,0,0
603,1,0,1,0,1,1,1,1
604,1,0,0,0,0,0,0,1
605,0,0,1,1,1,0,0,0
606,0,0,1,1,1,0,0,0
607,0,0,1,1,1,1,1,0
608,0,0,0,1,1,0,0,0
609,0,0,1,1,1,1,0,0
610,0,0,1,0,1,0,0,0
611,1,1,1,1,1,0,0,0
612,1,0,1,1,1,1,0,1
613,1,0,1,1,1,1,0,0
614,0,0,1,1,1,0,0,0
615,0,0,0,1,1,0,0,0
616,1,0,0,0,1,0,0,1
617,1,1,1,1,1,0,0,1
618,1,0,0,0,1,0,0,1
619,1,0,0,0,0,0,0,1
620,0,0,1,1,1,0,0,0
621,0,0,0,1,1,0,0,1
622,1,0,1,0,1,0,0,0
623,1,1,1,1,1,0,0,1
624,1,0,1,0,0,0,0,1
625,1,1,1,1,1,0,0,1
626,1,0,1,0,1,0,0,0
627,0,0,1,1,1,0,0,0
628,1,0,1,0,1,0,0,0
629,0,0,1,0,1,0,0,0
630,1,1,1,0,0,0,0,0
631,1,1,1,1,1,1,0,1
632,0,0,0,0,1,0,0,0
633,1,1,1,1,1,0,0,0
634,0,0,1,1,1,0,0,0
635,0,0,1,1,1,0,0,0
636,1,1,0,1,1,0,0,1
637,1,0,0,0,1,0,0,1
638,0,0,1,1,1,0,0,0
639,1,0,1,0,1,0,0,1
640,1,1,0,1,1,0,0,0
641,1,0,1,0,0,0,0,1
642,0,0,1,1,1,0,0,0
643,1,0,0,0,0,0,0,0
644,1,0,1,1,1,1,1,1
645,1,0,0,0,1,0,0,0
646,0,0,1,1,1,0,0,0
647,0,0,0,1,1,1,0,0
648,0,0,1,1,1,1,1,0
649,0,0,1,1,1,1,1,0
650,0,0,1,1,1,1,1,0
651,1,1,1,1,1,0,0,0
652,0,0,1,1,1,0,0,0
653,0,0,1,1,0,1,0,1
654,0,0,1,1,1,0,0,0
655,0,0,1,1,1,0,0,0
656,0,0,1,1,1,0,0,0
657,0,0,1,1,0,1,0,0
658,0,0,1,1,1,1,0,0
659,1,0,0,0,1,0,0,1
660,1,0,1,1,1,1,1,1
661,0,0,1,1,0,0,0,0
662,1,0,1,1,1,0,0,1
663,0,0,1,1,1,1,0,1
664,1,0,0,0,1,0,0,1
665,0,0,1,1,1,0,0,1
666,0,0,1,0,1,0,0,1
667,0,0,1,0,1,1,0,1
668,0,0,1,1,1,0,0,0
669,0,0,1,0,1,1,1,0
670,1,1,1,1,1,0,0,0
671,0,0,1,1,1,0,0,0
672,1,0,1,1,1,0,0,1
673,0,0,1,1,1,0,0,0
674,1,0,0,0,1,0,0,1
675,1,0,0,0,1,0,0,1
676,1,1,1,1,1,0,0,0
677,1,0,1,0,1,1,0,1
678,1,1,1,1,1,0,0,1
679,1,1,1,1,1,0,0,1
680,0,0,0,1,1,0,0,0
681,0,0,1,0,1,0,0,0
682,1,0,0,0,1,0,0,1
683,1,1,1,1,1,1,0,1
684,1,0,0,1,1,0,0,1
685,1,0,1,0,1,0,0,1
686,0,0,1,1,1,0,0,0
687,0,0,1,1,1,0,0,0
688,0,0,0,0,1,0,0,0
689,0,0,1,1,1,0,0,0
690,0,0,0,0,1,0,0,0
691,0,0,1,0,1,1,0,0
692,0,0,1,1,1,0,0,0
693,0,0,1,1,1,0,0,0
694,0,0,1,1,1,0,0,0
695,0,0,1,0,1,0,0,0
696,0,0,1,1,1,0,0,0
697,1,0,0,0,0,0,0,1
698,1,1,0,1,0,0,0,1
699,1,0,1,0,0,0,0,1
700,0,0,1,1,1,0,0,1
701,1,1,1,1,0,0,0,1
702,1,1,1,1,1,0,0,1
703,0,0,1,0,1,0,0,0
704,0,0,1,0,1,0,0,0
705,1,1,1,1,1,0,0,1
706,1,0,1,0,0,1,0,1
707,1,0,1,0,0,0,0,1
709,1,0,0,0,1,0,0,1
710,1,0,0,0,1,0,0,1
711,1,0,0,0,1,0,0,1
712,1,1,1,1,1,0,0,0
713,0,0,1,0,1,0,0,0
714,1,0,1,0,0,0,0,0
715,1,0,1,0,1,0,0,0
717,0,0,1,1,1,0,0,0
718,0,0,1,1,1,0,0,0
719,1,1,1,1,1,0,0,0
720,1,0,0,0,1,0,0,0
721,1,1,1,1,1,1,0,1
722,0,0,0,0,1,0,0,1
723,0,0,1,0,1,1,1,0
724,0,0,1,1,1,0,0,0
725,0,0,1,1,1,0,0,0
726,0,0,0,1,1,0,0,0
727,1,1,1,1,1,0,0,0
728,1,0,1,1,1,0,0,0
729,0,0,1,1,0,0,0,0
730,0,0,1,1,1,0,0,0
731,0,0,0,0,1,0,0,0
732,1,1,1,1,1,0,0,0
733,0,0,1,1,1,1,0,1
734,1,1,1,1,1,0,0,0
735,0,0,1,1,1,0,0,0
736,0,0,1,0,1,0,0,0
737,0,0,1,0,0,0,0,0
738,1,1,1,1,1,0,0,1
739,0,0,1,1,0,0,0,0
740,0,0,1,0,1,0,0,1
741,1,0,0,0,1,0,0,1
742,0,0,0,1,1,0,0,0
743,1,0,1,0,1,0,0,1
744,1,0,0,0,1,1,1,0
745,1,0,0,0,1,0,0,0
746,1,1,1,1,1,1,0,1
747,0,0,0,0,1,0,0,0
748,0,0,1,1,1,1,1,0
749,1,1,1,1,1,0,0,0
750,0,0,1,0,0,0,0,0
751,0,0,0,1,1,0,0,0
752,0,0,1,1,1,0,0,0
753,0,0,0,1,0,0,0,0
754,0,0,1,1,1,0,0,0
755,0,0,0,1,1,0,0,0
756,1,0,0,0,1,0,0,1
757,0,0,1,0,1,0,0,0
758,1,0,0,0,1,0,0,1
759,1,0,0,0,0,0,0,1
760,0,0,0,1,1,0,0,0
761,0,0,1,0,1,0,0,0
762,1,1,1,1,1,0,0,0
763,1,0,1,0,0,1,1,0
764,0,0,0,0,1,0,0,0
765,0,0,1,1,1,0,0,0
766,1,0,0,0,1,0,0,1
767,1,0,1,1,1,1,1,1
768,1,0,1,0,0,0,0,0
769,0,0,0,1,1,0,0,0
770,1,0,1,0,1,0,0,0
771,1,0,0,1,1,0,0,0
772,0,0,1,0,1,0,0,0
773,1,0,1,0,1,1,0,1
774,0,0,0,1,1,0,0,0
775,1,0,1,0,1,1,0,1
776,0,0,1,0,1,0,0,0
777,0,0,1,0,0,0,0,0
778,0,0,1,1,1,0,0,0
779,1,0,1,0,1,0,0,1
780,0,0,1,1,1,0,0,0
781,0,0,1,1,0,0,0,0
782,1,0,1,0,1,0,0,0
783,1,0,0,0,1,0,0,1
784,1,0,1,0,1,0,0,1
785,1,0,1,0,1,0,0,1
786,1,0,1,0,1,1,1,1
787,1,0,0,0,1,0,0,1
788,1,0,1,0,1,0,0,0
789,1,0,0,0,1,0,0,1
790,1,0,0,1,1,0,0,0
791,0,0,0,1,1,0,0,0
792,1,1,0,0,0,0,0,1
793,1,0,1,0,1,0,0,1
794,0,0,1,0,1,0,0,1
795,0,0,1,1,1,1,1,1
796,1,1,1,1,1,0,0,1
797,1,1,1,1,1,1,0,1
798,1,0,0,0,1,0,0,1
799,0,0,1,1,1,0,0,0
800,0,0,1,0,1,0,0,0
801,1,0,1,1,1,1,0,0
802,0,0,1,1,1,0,0,1
803,0,0,1,1,1,0,0,0
804,1,0,0,0,1,0,0,0
805,1,1,1,1,1,1,1,1
806,0,0,1,0,1,1,1,1
807,0,0,1,1,1,1,1,0
808,0,0,1,1,1,0,0,0
809,0,0,1,1,0,0,0,0
810,0,0,1,1,1,0,0,0
811,1,1,1,1,1,0,0,0
812,1,1,1,1,1,0,0,0
813,1,0,1,0,0,1,0,1
814,1,0,1,1,0,0,0,1
815,0,0,1,0,0,1,0,0
816,0,0,1,1,1,0,0,0
817,1,0,1,1,1,1,1,1
818,1,0,1,0,0,0,0,0
819,0,0,0,0,1,0,0,0
820,1,0,0,0,0,0,0,1
821,0,0,0,0,1,0,0,0
822,1,0,0,0,1,0,0,1
823,0,0,1,1,1,0,0,0
824,1,0,1,1,1,0,0,1
825,0,0,1,1,1,0,0,0
826,1,0,1,1,1,1,1,1
827,1,0,1,1,1,0,0,1
828,1,1,1,1,1,0,0,0
829,1,0,1,0,1,0,0,0
830,0,0,1,1,1,0,0,0
831,0,0,1,1,1,0,0,0
832,1,0,0,0,1,0,0,1
833,0,0,1,0,1,0,0,1
834,0,0,1,1,1,0,0,0
835,1,1,1,1,1,0,0,0
836,1,0,0,0,1,0,0,0
837,0,0,0,0,1,0,0,1
838,1,0,1,0,1,0,0,1
839,0,0,0,0,1,0,0,0
840,0,0,1,1,1,0,0,1
841,1,0,1,0,0,1,1,1
842,1,1,1,1,0,0,0,1
843,1,0,1,0,0,0,0,1
844,0,0,1,0,1,0,0,1
845,1,1,1,1,0,0,0,0
846,1,1,1,1,1,1,1,1
847,1,0,1,0,0,1,1,1
848,1,1,1,1,1,1,1,1
849,1,1,1,1,0,0,0,1
850,1,1,1,1,0,0,0,1
852,1,0,1,0,1,1,1,1
853,0,0,1,1,1,0,0,0
854,0,0,1,0,1,0,0,0
855,0,0,0,1,1,0,0,0
856,1,0,0,0,1,0,0,1
857,1,0,1,0,1,1,0,1
858,1,0,0,0,1,0,0,1
859,1,0,0,0,0,0,0,1
860,1,0,0,0,0,0,0,1
861,1,1,1,1,1,0,0,1
862,0,0,1,1,1,0,0,0
863,0,0,0,0,1,0,0,0
864,1,0,1,0,1,0,0,1
865,0,0,0,0,1,0,0,1
866,0,0,1,0,1,1,0,0
867,0,0,0,0,1,0,0,0
868,1,0,1,0,1,1,1,1
869,1,0,0,0,1,0,0,1
870,1,1,0,1,1,0,0,0
871,1,1,1,1,1,0,0,0
872,1,0,0,0,1,0,0,1
873,1,0,0,0,1,0,0,1
874,1,1,1,1,1,0,0,1
875,1,0,1,1,1,1,0,0
876,0,0,1,1,1,1,1,1
877,0,0,1,1,0,1,1,1
878,0,0,1,1,1,0,0,0
879,0,0,0,1,1,0,0,0
880,0,0,1,1,1,0,0,1
881,0,0,1,0,1,0,0,0
882,1,1,1,1,1,1,0,1
883,1,0,1,0,1,1,0,0
884,1,0,0,1,1,0,0,0
885,0,0,1,1,1,1,1,1
886,0,0,1,1,1,1,1,0
887,0,0,1,0,0,0,0,0
888,1,0,0,0,1,0,0,1
889,1,1,1,1,1,0,0,1
890,1,0,1,0,1,0,0,0
891,1,0,0,0,0,0,0,1
892,1,1,1,1,1,0,0,0
893,0,0,1,0,1,0,0,0
894,1,1,1,1,1,0,0,0
895,1,1,0,1,1,0,0,1
896,0,0,1,1,1,1,1,0
897,1,1,1,1,1,1,0,1
898,1,1,1,1,1,0,0,0
899,1,0,1,0,0,0,0,0
900,1,0,0,0,1,1,1,0
901,1,0,1,0,0,0,0,0
902,1,0,1,1,1,1,1,1
903,1,0,0,0,0,0,0,1
904,0,0,0,0,1,0,0,1
905,1,0,0,0,1,0,0,1
906,1,0,1,0,0,0,0,1
907,0,0,0,1,1,0,0,0
908,1,0,1,1,1,0,0,1
909,1,0,0,0,0,0,0,1
910,1,0,0,0,1,0,0,1
911,1,0,0,0,0,0,0,1
912,0,0,1,1,1,0,0,0
913,0,0,1,0,1,0,0,0
914,1,0,0,0,0,0,0,1
915,0,0,1,1,1,0,0,1
916,1,0,1,0,1,0,0,1
917,0,0,0,0,1,1,1,0
918,0,0,1,1,1,0,0,0
919,1,0,0,0,1,0,0,1
920,0,0,0,0,1,0,0,0
921,1,1,1,1,0,1,0,1
922,1,0,1,0,1,0,0,1
923,1,0,1,0,1,0,0,0
924,1,1,1,1,0,0,0,1
925,1,0,0,0,0,0,0,1
926,1,0,0,0,1,0,0,1
927,0,0,1,1,0,0,0,0
928,1,0,1,0,1,0,0,0
929,1,0,1,0,1,0,0,1
930,0,0,0,0,1,0,0,1
931,1,1,1,1,1,0,0,1
932,0,0,1,1,1,0,0,0
933,0,0,1,1,1,1,1,0
934,0,0,1,0,1,0,0,0
935,0,0,1,1,1,0,0,0
936,1,1,1,1,1,0,0,0
937,0,0,1,0,1,0,0,0
938,1,0,0,0,1,0,0,1
939,1,0,1,0,1,0,0,0
940,1,0,0,0,1,0,0,1
941,1,0,0,0,0,0,0,1
942,1,0,0,0,1,0,0,0
943,0,0,1,1,1,1,1,0
944,1,0,1,0,1,1,1,1
945,0,0,0,0,1,0,0,0
946,1,0,0,0,1,0,0,1
947,1,0,0,0,1,0,0,1
948,1,0,1,1,1,1,1,1
949,0,0,0,1,1,0,0,1
950,0,0,1,1,1,1,0,1
952,1,1,1,1,0,0,0,1
953,1,0,0,1,0,0,0,0
954,1,0,0,0,1,0,0,1
955,0,0,0,1,1,0,0,1
956,0,0,1,1,1,0,0,0
957,0,0,1,1,1,1,1,0
958,1,1,0,1,1,0,0,0
959,1,1,1,0,0,0,0,1
960,0,0,1,0,1,0,0,0
961,1,0,1,0,1,1,1,1
962,1,0,0,0,1,0,0,1
963,0,0,1,0,1,0,0,0
964,0,0,0,0,1,1,1,1
965,0,0,0,0,1,0,0,0
966,1,0,0,0,0,0,0,1
967,1,0,1,0,1,0,0,0
968,1,1,1,1,1,1,0,1
969,0,0,1,0,1,1,0,0
970,0,0,1,1,1,1,1,1
971,0,0,1,1,1,0,0,0
972,0,0,1,0,1,0,0,0
973,0,0,1,0,1,1,0,0
974,0,0,1,1,1,0,0,1
975,1,1,1,1,1,0,0,1
976,0,0,1,0,1,0,0,0
977,0,0,1,0,1,0,0,0
978,0,0,1,0,1,1,0,1
979,0,0,0,0,1,1,0,0
980,0,0,1,1,1,1,0,0
981,1,0,1,0,1,0,0,1
982,0,0,0,1,1,0,0,0
983,1,0,0,0,0,0,0,1
984,1,0,1,0,1,1,1,1
985,1,0,1,0,1,0,0,1
986,1,0,1,1,1,0,0,0
987,0,0,1,0,1,1,1,0
988,0,0,1,1,1,1,0,1
989,1,1,1,1,1,0,0,0
990,1,0,1,0,0,0,0,0
991,0,0,1,1,1,1,0,1
992,0,0,1,1,1,1,0,1
993,1,1,1,1,0,1,0,1
994,1,1,1,1,1,0,0,0
995,1,1,1,1,1,0,0,0
996,1,1,1,1,1,1,0,0
997,1,1,1,1,1,1,0,0
998,1,1,1,1,1,0,0,1
999,1,1,1,1,1,0,0,1
1000,1,0,0,0,0,0,0,1
1001,1,0,1,0,1,0,0,1
1002,1,1,1,1,1,1,0,1
1003,0,0,1,1,1,1,1,0
1004,1,0,1,0,1,0,0,1
1005,1,0,1,1,1,1,1,1
1006,1,1,1,1,1,0,0,0
1007,1,1,1,1,1,0,0,0
1009,0,0,1,0,0,0,0,0
1010,0,0,1,0,1,0,0,0
1011,0,0,1,1,1,0,0,0
1012,1,0,1,1,1,1,1,1
1013,0,0,1,0,1,0,0,0
1014,0,0,1,1,1,0,0,0
1015,0,0,1,0,1,0,0,0
1016,1,0,0,0,1,0,0,1
1017,1,0,0,0,1,0,0,1
1018,0,0,1,1,1,0,0,0
1019,0,0,1,1,1,0,0,1
1020,0,0,1,1,0,0,0,0
1021,0,0,1,1,1,1,1,1
1022,0,0,1,1,1,1,0,1
1023,0,0,1,1,1,1,1,0
1024,1,0,0,0,1,0,0,1
1025,0,0,1,1,1,1,0,1
1026,0,0,1,1,1,0,0,1
1027,0,0,1,1,1,1,0,1
1028,0,0,1,0,1,0,0,1
1029,0,0,1,0,1,1,1,0
1030,0,0,1,1,1,1,0,0
1031,1,1,1,1,1,0,0,0
1032,1,0,0,0,1,0,0,1
1033,1,0,1,1,0,1,0,1
1034,1,0,0,1,1,0,0,1
1035,0,0,1,0,0,0,0,0
1036,0,0,1,1,1,0,0,1
1037,1,0,1,0,1,0,0,1
1038,1,0,1,0,0,0,0,1
1039,0,0,1,1,1,0,0,0
1040,0,0,0,1,1,0,0,1
1041,0,0,1,0,1,0,0,0
1042,1,0,0,0,1,0,0,1
1043,0,0,1,0,1,0,0,1
1044,0,0,0,0,1,0,0,0
1045,0,0,1,1,1,1,1,0
1046,0,0,1,1,1,1,1,0
1047,0,0,1,1,1,0,0,0
1048,1,0,1,1,1,0,0,0
1049,0,0,1,1,1,1,1,0
1050,0,0,1,1,1,0,0,0
1051,0,0,1,1,1,0,0,0
1052,0,0,0,1,1,0,0,0
1053,1,0,0,0,1,0,0,0
1054,0,0,1,1,1,0,0,0
1055,0,0,0,1,1,0,0,0
1056,0,0,1,1,1,0,0,0
1057,0,0,0,1,1,0,0,0
1058,0,0,1,0,1,0,0,0
1059,1,0,0,0,1,0,0,0
1060,1,0,0,0,1,0,0,1
1061,1,0,1,0,0,1,1,0
1062,0,0,1,1,1,1,1,0
1063,0,0,1,0,1,0,0,1
1064,1,0,1,1,1,0,0,1
1065,0,0,0,0,1,0,0,1
1066,1,0,0,0,1,0,0,1
1067,1,0,1,0,0,1,0,1
1068,0,0,0,1,1,0,0,0
1069,1,0,0,0,1,0,0,1
1070,0,0,1,1,1,0,0,0
1071,0,0,1,1,1,0,0,0
1072,0,0,1,0,1,1,1,0
1073,1,0,0,1,0,0,0,1
1074,1,0,1,0,1,0,0,0
1075,1,1,1,1,1,0,0,1
1076,1,0,1,0,1,1,0,1
1077,1,0,0,0,1,0,0,1
1078,0,0,1,1,1,0,0,0
1079,1,0,0,0,1,0,0,1
1080,0,0,1,1,1,1,1,1
1081,1,0,1,0,1,0,0,1
1082,1,0,1,0,1,0,0,1
1083,1,0,0,0,0,0,0,0
1084,0,0,1,1,1,0,0,1
1085,0,0,1,0,0,0,0,0
1086,0,0,1,0,1,1,1,0
1087,1,1,1,1,1,0,0,0
1088,0,0,1,0,1,1,1,0
1089,0,0,1,0,1,0,0,0
1090,0,0,1,0,1,0,0,0
1091,0,0,1,1,1,1,0,0
1092,0,0,1,0,0,0,0,0
1093,0,0,0,0,1,0,0,0
1094,0,0,1,0,1,0,0,0
1095,0,0,0,1,1,0,0,0
1096,1,1,1,1,1,1,0,1
1097,0,0,1,1,0,0,0,0
1098,0,0,1,1,0,0,0,0
1099,1,1,1,1,1,0,0,0
1100,1,1,1,1,1,1,0,1
1101,1,1,1,1,1,1,0,1
1102,1,0,1,1,0,1,0,1
1103,1,0,1,0,1,0,0,0
1104,1,0,1,1,1,0,0,0
1105,1,0,0,1,1,0,0,1
1106,1,0,1,0,1,1,1,1
1107,0,0,1,1,1,0,0,1
1108,1,0,1,0,1,1,0,1
1109,0,0,1,1,1,0,0,0
1110,0,0,0,1,1,0,0,0
1111,1,0,0,0,1,0,0,1
1112,1,1,1,1,1,0,0,0
1113,1,0,1,0,1,0,0,0
1114,1,1,1,1,1,1,1,1
1115,1,1,1,1,1,1,0,1
1116,1,0,1,0,1,0,0,0
1117,1,0,0,1,1,0,0,1
1118,1,1,1,1,1,0,0,0
1119,1,0,1,0,1,0,0,0
1120,1,1,1,1,1,0,0,0
1121,1,0,1,1,1,1,1,1
1122,0,0,1,1,1,0,0,0
1123,0,0,1,0,0,0,0,0
1124,1,0,0,1,1,0,0,1
1125,1,0,0,1,1,0,0,0
1126,0,0,1,1,0,0,0,0
1127,1,1,1,1,1,0,0,0
1128,1,0,1,0,1,0,0,1
1129,1,1,1,1,1,0,0,0
1130,0,0,1,1,1,1,0,0
1131,1,0,1,0,1,0,0,1
1132,0,0,1,1,1,0,0,1
1133,1,0,0,1,1,0,0,1
1134,1,0,1,0,0,0,0,0
1135,1,0,1,0,0,0,0,0
1137,0,0,1,1,1,0,0,0
1138,1,1,1,1,1,0,0,1
1139,0,0,1,1,0,0,0,0
1140,1,1,1,1,1,0,0,0
1141,0,0,1,0,1,0,0,0
1142,0,0,0,1,1,0,0,0
1143,1,0,0,1,0,0,0,1
1144,1,1,1,1,1,1,1,1
1145,1,0,0,0,1,0,0,0
1146,1,0,1,0,0,0,0,1
1147,1,1,1,1,0,0,0,1
1148,0,0,1,0,1,0,0,0
1149,0,0,1,0,1,0,0,0
1150,0,0,1,1,1,0,0,0
1151,0,0,1,1,1,1,0,1
1152,0,0,1,1,1,0,0,0
1153,0,0,1,1,1,0,0,0
1154,0,0,1,1,1,0,0,0
1155,0,0,0,1,1,0,0,0
1156,0,0,1,1,0,0,0,0
1157,1,0,1,0,1,0,0,0
1158,0,0,1,1,1,0,0,0
1159,1,0,1,0,1,0,0,0
1160,0,0,1,0,1,1,0,0
1161,0,0,1,1,1,0,0,0
1162,0,0,1,1,1,1,1,1
1163,0,0,1,1,1,1,1,0
1164,1,0,0,0,1,0,0,0
1165,1,0,0,0,0,0,0,1
1166,0,0,1,1,1,1,1,0
1167,1,1,1,1,1,0,0,1
1168,1,1,1,1,1,0,0,0
1169,0,0,1,1,1,0,0,1
1170,1,0,1,0,0,0,0,1
1171,1,1,1,1,1,0,0,0
1172,0,0,1,0,1,0,0,1
1173,0,0,1,1,1,0,0,0
1174,1,1,1,1,1,1,1,1
1175,1,0,1,0,1,0,0,0
1176,1,1,1,1,1,0,0,1
1177,0,0,1,1,1,0,0,0
1178,1,1,1,1,1,0,0,1
1179,0,0,1,1,1,0,0,0
1180,0,0,1,0,1,0,0,0
1181,1,1,1,1,1,0,0,0
1182,1,0,0,0,1,0,0,0
1183,1,1,1,1,1,0,0,0
1184,1,1,1,1,1,0,0,0
1185,1,1,1,1,1,0,0,0
1186,1,0,1,0,1,0,0,0
1187,1,1,1,1,1,0,0,0
1188,0,0,1,0,1,1,1,0
1189,1,0,0,0,1,0,0,0
1190,0,0,0,1,1,0,0,0
1191,0,0,1,0,1,1,0,0
1192,0,0,1,0,1,1,0,0
1193,0,0,1,1,1,1,1,0
1194,0,0,1,1,1,1,1,1
1195,0,0,1,0,1,1,1,0
1196,0,0,1,0,1,0,0,0
1197,1,1,1,1,1,1,0,0
1198,1,0,0,0,1,0,0,1
1199,1,1,1,1,1,0,0,0
1200,1,1,1,1,1,0,0,0
1201,1,0,1,0,1,0,0,1
1202,0,0,1,1,0,0,0,0
1203,1,1,1,1,1,0,0,0
1204,1,1,1,1,1,0,0,0
1205,0,0,1,1,1,0,0,0
1206,0,0,1,0,1,0,0,0
1207,0,0,1,1,1,1,1,1
1208,1,0,0,0,1,0,0,1
1209,0,0,1,1,1,1,1,0
1210,0,0,1,0,1,0,0,0
1211,1,0,1,0,0,0,0,1
1212,0,0,0,1,1,1,1,0
1213,1,0,1,0,1,1,1,1
1214,0,0,1,0,1,0,0,0
1215,1,0,1,1,1,1,0,1
1216,1,1,1,1,1,0,0,0
1217,1,0,1,0,1,0,0,0
1218,0,0,0,1,1,0,0,0
1219,1,1,1,1,0,0,0,0
1220,0,0,0,0,1,0,0,1
1221,0,0,1,1,1,0,0,0
1222,0,0,1,1,1,1,0,0
1223,1,1,1,1,0,1,0,1
1224,1,1,1,1,0,1,0,0
1225,1,0,1,0,1,0,0,1
1226,0,0,1,1,1,0,0,0
1227,0,0,1,1,0,1,0,0
1228,0,0,1,1,1,1,0,1
1229,1,0,1,0,1,0,0,1
1230,1,1,0,1,0,0,0,1
1231,1,1,1,1,1,0,0,1
1232,0,0,0,0,1,0,0,0
1233,0,0,1,1,1,0,0,1
1234,1,1,0,1,1,0,0,0
1235,1,1,1,1,1,0,0,1
1236,1,0,1,1,1,0,0,1
1237,1,1,1,1,0,0,0,1
1238,0,0,1,1,1,0,0,1
1239,1,0,0,0,1,0,0,1
1240,1,0,0,1,1,0,0,1
1241,1,0,1,0,0,0,0,1
1242,0,0,1,1,1,0,0,0
1243,0,0,1,1,1,0,0,0
1244,0,0,0,1,1,0,0,0
1245,1,1,0,0,0,1,0,1
1246,0,0,1,1,1,0,0,0
1247,1,0,1,0,1,1,1,1
1248,1,0,1,1,1,0,0,0
1249,1,0,1,1,1,1,1,0
1250,0,0,1,1,1,1,0,1
1251,1,1,1,1,1,0,0,1
1252,1,0,1,0,1,1,1,0
1253,1,0,1,0,0,0,0,0
1254,1,1,1,1,1,1,1,1
1255,1,0,1,0,1,1,0,0
1256,1,0,0,0,0,0,0,0
1257,1,0,0,0,1,0,0,1
1258,1,0,0,0,1,0,0,1
1259,0,0,1,1,0,0,0,0
1260,0,0,1,1,1,0,0,0
1261,1,0,0,0,1,0,0,1
1262,1,1,1,1,1,0,0,1
1263,1,0,0,0,1,0,0,1
1264,0,0,1,1,1,1,0,1
1265,0,0,1,0,1,0,0,0
1266,0,0,1,1,1,0,0,0
1267,1,0,1,0,1,0,0,0
1268,1,0,0,1,1,0,0,1
1269,0,0,1,1,1,0,0,0
1270,0,0,0,0,1,0,0,0
1271,1,0,0,0,1,0,0,1
1273,1,0,0,0,0,0,0,1
1274,0,0,0,1,1,1,0,1
1275,1,1,1,1,1,1,1,1
1276,0,0,0,1,1,0,0,0
1277,1,1,1,1,1,1,0,0
1278,0,0,1,1,1,1,1,1
1279,1,1,1,1,1,0,0,1
1280,1,0,0,0,1,0,0,1
1281,1,0,0,0,1,0,0,1
1282,0,0,1,1,1,1,1,1
1283,0,0,1,0,1,0,0,0
1284,1,0,0,1,1,0,0,0
1285,1,1,1,1,1,0,0,1
1286,0,0,1,1,1,1,0,0
1287,0,0,1,1,0,0,0,0
1288,0,0,1,1,1,1,1,1
1289,1,0,0,0,1,0,0,1
1291,0,0,1,0,1,1,1,1
1292,0,0,1,1,1,1,0,1
1293,0,0,1,1,1,1,1,0
1294,0,0,1,0,1,0,0,0
1295,1,1,1,1,1,1,0,0
1296,1,0,0,0,1,0,0,0
1297,0,0,0,0,1,0,0,0
1298,1,0,0,0,1,0,0,1
1299,1,1,1,1,1,1,0,0
1300,0,0,1,0,1,0,0,1
1301,1,1,1,1,1,1,0,0
1302,1,0,0,0,0,0,0,1
1303,0,0,1,1,1,1,1,1
1304,0,0,0,0,1,1,1,0
1305,0,0,1,1,0,0,0,0
1306,0,0,1,1,1,0,0,0
1307,1,1,1,1,1,1,0,1
1309,1,0,1,0,1,1,1,1
1310,1,0,1,0,0,0,0,1
1311,0,0,0,0,1,0,0,0
1312,1,0,0,0,1,0,0,1
1313,0,0,1,1,1,0,0,0
1314,0,0,1,0,1,1,1,1
1315,1,0,1,1,1,1,1,1
1316,1,1,1,1,1,1,0,1
1318,0,0,0,0,1,0,0,0
1319,0,0,1,1,1,0,0,0
1320,0,0,1,1,1,0,0,0
1321,0,0,0,1,1,0,0,0
1322,0,0,1,0,1,0,0,0
1323,1,0,0,0,1,0,0,1
1324,0,0,0,0,1,1,1,0
1325,0,0,0,0,1,0,0,1
1326,0,0,0,1,1,0,0,0
1327,1,0,0,0,1,0,0,1
1328,1,1,1,1,0,0,0,1
1329,1,0,1,1,0,0,0,1
1330,1,1,1,1,1,1,1,1
1331,0,0,1,1,0,1,1,0
1332,1,1,1,1,0,0,0,1
1333,1,0,1,1,1,1,0,1
1334,1,1,0,1,1,0,0,0
1335,0,0,1,0,1,0,0,0
1336,1,0,0,1,1,0,0,0
1337,0,0,1,0,1,0,0,0
1338,1,0,1,0,1,1,0,0
1339,1,1,1,1,1,0,0,1
1340,0,0,1,0,1,0,0,1
1341,1,1,1,1,1,1,0,1
1342,1,1,1,1,1,0,0,1
1343,0,0,1,1,1,1,1,0
1344,1,0,1,0,0,0,0,1
1345,1,0,0,0,0,0,0,1
1346,1,0,1,0,1,0,0,1
1347,0,0,1,1,1,0,0,0
1348,0,0,1,1,1,1,1,0
1349,0,0,1,0,1,0,0,0
1350,1,0,0,0,1,0,0,0
1351,1,1,1,1,1,1,0,0
1352,1,0,1,0,0,1,1,1
1353,0,0,1,1,1,1,1,0
1354,1,0,0,0,1,0,0,0
1355,0,0,1,1,1,0,0,0
1356,1,0,0,0,1,0,0,0
1357,0,0,0,1,1,0,0,0
1358,1,0,0,0,1,0,0,1
1359,0,0,1,0,1,0,0,0
1360,0,0,0,0,1,0,0,0
1361,0,0,0,1,1,1,1,0
1362,0,0,0,1,1,0,0,0
1363,0,0,0,1,1,0,0,0
1364,0,0,1,0,1,0,0,0
1365,0,0,1,1,1,0,0,0
1366,0,0,0,1,1,0,0,0
1367,1,0,1,0,1,0,0,1
1368,0,0,0,0,1,0,0,1
1369,1,1,1,1,1,0,0,0
1370,0,0,1,0,1,0,0,0
1371,0,0,1,0,1,0,0,0
1372,0,0,1,0,1,0,0,0
1373,0,0,0,0,1,0,0,0
1375,1,0,1,1,1,0,0,0
1376,0,0,1,1,1,1,1,0
1377,1,1,1,1,1,0,0,0
1378,1,1,1,1,0,1,0,1
1379,1,1,1,1,1,1,0,0
1380,0,1,1,0,1,0,0,0
1381,1,0,0,0,1,0,0,0
1382,0,0,0,0,1,0,0,0
1383,1,0,0,0,1,0,0,0
1384,0,0,1,1,1,0,0,0
1385,0,0,0,1,1,0,0,1
1386,0,0,1,0,1,0,0,0
1387,0,0,1,0,1,1,1,1
1388,1,0,1,0,1,1,1,1
1389,0,0,1,0,1,0,0,0
1390,0,0,1,0,1,0,0,0
1391,1,1,1,1,0,1,1,0
1392,1,0,1,1,1,0,0,0
1393,0,0,1,0,1,0,0,1
1394,1,0,1,0,0,0,0,1
1395,1,0,1,0,1,1,0,1
1396,1,0,0,1,1,0,0,1
1397,0,0,1,1,1,0,0,0
1398,0,0,1,1,1,0,0,0
1399,0,0,1,1,1,0,0,0
1400,1,1,1,1,1,0,0,0
1401,1,0,0,0,1,0,0,1
1402,0,0,1,0,1,0,0,0
1403,1,0,1,0,1,0,0,0
1404,1,1,1,1,1,0,0,1
1405,1,1,1,1,1,0,0,1
1406,1,1,1,1,1,0,0,0
1407,0,0,1,1,1,0,0,0
1408,1,0,0,0,0,0,0,0
1409,1,0,0,0,1,0,0,1
1410,1,0,1,1,1,0,0,1
1411,1,0,1,0,0,0,0,1
1412,1,1,1,1,1,0,0,1
1413,1,0,1,0,1,0,0,0
1414,1,0,1,0,1,0,0,1
1415,0,0,0,0,1,1,1,0
1416,0,0,1,0,0,0,0,0
1417,1,1,1,1,1,1,0,1
1418,0,0,0,0,1,0,0,1
1419,0,0,0,0,1,0,0,0
1420,0,0,1,1,1,0,0,1
1421,0,0,1,1,1,1,0,0
1422,0,0,1,1,1,0,0,0
1423,1,0,1,0,1,0,0,0
1424,0,0,1,0,1,0,0,0
1425,1,1,1,1,1,0,0,0
1426,0,0,0,1,1,0,0,0
1427,1,0,0,1,1,1,0,1
1429,0,0,1,0,1,1,1,1
1430,0,0,1,0,1,0,0,0
1431,1,1,0,1,0,0,0,1
1432,1,0,0,0,1,0,0,1
1433,1,0,0,1,1,0,0,0
1434,0,0,1,1,0,0,0,1
1435,1,0,1,0,1,1,0,1
1436,0,0,1,0,1,1,0,1
1437,1,0,1,0,1,0,0,0
1438,0,0,1,0,1,0,0,0
1439,0,0,1,1,1,0,0,0
1440,0,0,1,1,1,0,0,0
1441,0,0,1,1,1,0,0,1
1442,1,1,1,1,1,1,0,1
1443,0,0,0,0,1,0,0,1
1444,1,1,1,1,1,0,0,0
1445,0,0,0,1,1,0,0,0
1446,1,0,1,1,1,1,1,1
1447,1,0,1,1,1,1,1,1
1448,0,0,1,1,1,0,0,0
1449,1,1,1,1,1,0,0,1
1450,1,0,0,0,1,0,0,0
1451,0,0,0,1,1,0,0,0
1452,0,0,0,1,1,0,0,0
1454,0,0,0,1,1,0,0,0
1455,1,1,1,1,1,0,0,1
1456,1,0,1,0,1,0,0,1
1458,0,0,0,0,1,0,0,0
1459,1,0,1,1,1,0,0,1
1460,0,0,1,1,1,0,0,0
1461,1,0,1,1,1,1,1,1
1462,1,1,1,1,1,0,0,1
1463,0,0,0,0,1,0,0,0
1464,0,0,1,0,1,0,0,0
1465,0,0,1,1,0,0,0,0
1466,0,0,0,0,1,0,0,1
1467,1,0,0,0,0,0,0,0
1468,1,0,0,0,1,0,0,1
1469,1,1,1,1,1,1,0,1
1470,0,0,1,0,0,1,1,0
1471,0,0,1,0,1,0,0,0
1472,0,0,1,1,1,1,1,0
1473,1,0,1,1,0,0,0,0
1474,0,0,1,0,1,0,0,0
1475,1,0,1,0,1,0,0,0
1476,0,0,1,1,1,1,1,0
1477,1,0,0,0,1,0,0,1
1478,0,0,1,1,1,1,1,0
1479,1,0,0,0,1,0,0,1
1480,0,0,1,1,1,0,0,0
1482,0,0,0,1,1,0,0,0
1483,0,0,0,0,1,0,0,1
1484,0,0,1,0,1,1,1,1
1485,0,0,1,1,1,1,1,1
1486,0,0,0,1,1,0,0,0
1487,1,0,1,0,1,0,0,1
1488,1,0,0,0,0,0,0,0
1489,0,0,1,0,1,0,0,0
1490,1,0,1,0,1,0,0,0
1491,1,0,1,0,1,1,1,0
1492,1,1,1,1,1,1,0,0
1493,1,0,0,0,1,0,0,1
1494,0,0,1,0,1,0,0,0
1495,0,0,1,1,1,1,1,1
1496,0,0,0,1,0,0,0,1
1497,0,0,0,1,1,0,0,0
1498,1,1,1,1,1,0,0,0
1499,0,0,1,1,1,0,0,0
1500,0,0,1,1,1,0,0,1
1501,1,0,1,0,1,1,0,0
1502,1,0,1,0,1,1,0,1
1503,1,0,0,0,0,0,0,1
1504,1,0,1,0,1,0,0,1
1505,1,0,0,0,1,0,0,0
1506,1,0,0,0,1,0,0,1
1507,1,0,1,0,0,1,1,0
1508,1,1,1,1,1,0,0,0
1509,1,0,0,0,1,0,0,1
1510,1,0,0,0,0,0,0,0
1511,1,0,1,1,0,0,0,1
1512,0,0,0,0,1,0,0,1
1513,1,0,1,0,1,1,0,0
1514,1,0,1,0,0,1,1,0
1515,1,1,1,1,1,0,0,1
1516,0,0,1,1,1,0,0,0
1517,1,0,1,1,1,0,0,0
1518,0,0,1,1,1,0,0,0
1519,1,0,1,0,1,1,1,0
1520,1,0,0,0,1,0,0,1
1521,1,0,1,0,1,0,0,0
1522,1,1,1,1,1,0,0,0
1523,0,0,1,1,1,1,1,0
1524,1,0,0,0,1,0,0,1
1525,1,0,1,1,1,0,0,0
1526,1,1,1,1,1,1,0,0
1527,1,0,1,0,1,0,0,0
1528,1,0,0,0,1,0,0,0
1529,0,0,1,1,1,0,0,0
1530,0,0,1,1,1,0,0,0
1531,0,0,1,1,1,0,0,0
1532,0,0,1,1,1,1,1,0
1533,0,0,1,1,1,0,0,1
1534,0,0,0,0,1,1,1,0
1535,0,0,1,0,1,1,1,0
1536,0,0,1,1,1,0,0,1
1537,0,0,1,0,0,1,1,0
1538,0,0,0,0,1,0,0,1
1539,0,0,1,0,1,1,1,0
1540,0,0,1,1,1,0,0,0
1541,0,0,1,0,0,0,0,0
1542,0,0,1,1,1,0,0,0
1544,1,0,0,0,0,0,0,1
1545,1,0,1,1,0,0,0,1
1549,1,1,1,1,1,0,0,0
1550,1,0,0,0,1,0,0,0
1551,1,0,0,0,1,0,0,0
1552,0,0,0,0,1,0,0,0
1553,1,0,0,0,1,0,0,0
1554,0,0,1,1,1,1,1,0
1555,1,0,0,0,0,0,0,1
1556,1,1,1,1,1,1,0,0
1557,1,0,0,0,1,0,0,1
1558,0,0,1,1,0,0,0,0
1559,1,0,0,0,1,0,0,0
1560,0,0,1,1,1,1,1,0
1561,0,0,1,0,1,1,1,1
1562,1,0,0,0,0,0,0,1
1564,0,0,1,1,1,1,1,0
1565,1,0,1,1,1,1,1,1
1566,1,1,0,1,1,0,0,1
1567,0,0,0,1,1,0,0,0
1568,1,0,1,0,1,1,1,1
1569,0,0,0,0,1,0,0,0
1570,1,0,1,0,0,0,0,0
1571,1,1,1,1,1,1,0,1
1572,0,0,1,1,1,0,0,0
1573,1,0,0,0,1,0,0,1
1574,1,0,1,1,1,0,0,0
1575,1,0,0,1,1,0,0,1
1576,0,0,0,0,1,0,0,0
1577,1,0,1,0,0,1,1,1
1578,1,1,0,1,0,0,0,1
1579,0,0,0,1,1,0,0,0
1580,1,0,0,0,1,0,0,0
1581,1,1,1,1,1,0,0,1
1582,1,0,0,0,1,0,0,1
1583,1,0,0,0,1,0,0,1
1585,1,0,0,0,1,0,0,1
1586,0,0,0,0,1,0,0,0
1587,0,0,1,1,1,0,0,0
1588,1,1,1,1,0,1,1,1
1589,0,0,1,0,1,0,0,0
1590,1,0,1,0,1,0,0,1
1591,1,1,1,1,0,1,0,1
1592,0,0,0,0,1,0,0,0
1593,1,0,1,0,1,0,0,1
1594,0,0,1,1,1,1,1,0
1595,0,0,0,0,1,0,0,0
1596,0,0,1,1,1,0,0,0
1597,1,1,1,1,1,1,1,1
1598,0,0,1,1,0,1,0,1
1599,0,0,1,1,1,0,0,0
1600,1,0,0,0,1,0,0,1
1601,0,0,1,0,1,0,0,0
1602,1,0,0,0,0,0,0,0
1603,0,0,0,0,1,0,0,0
1604,0,0,1,0,1,1,1,0
1605,1,1,1,1,1,0,0,1
1606,0,0,0,1,0,0,0,1
1607,1,0,1,0,1,0,0,0
1608,0,0,1,0,1,1,1,0
1609,1,0,1,0,1,1,1,1
1610,1,0,0,0,0,0,0,1
1611,0,0,1,0,1,0,0,0
1614,0,0,0,1,1,0,0,0
1615,0,0,1,1,1,0,0,0
1616,1,0,1,0,1,0,0,1
1617,1,0,0,0,1,1,0,1
1618,1,0,0,0,0,0,0,0
1619,1,1,1,1,1,0,0,1
1620,0,0,0,1,1,0,0,1
1621,1,1,1,1,1,1,0,1
1622,1,0,0,1,1,0,0,0
1624,0,0,1,1,1,0,0,0
1625,1,0,1,0,1,0,0,1
1626,0,0,1,0,0,0,0,0
1627,1,1,0,1,1,0,0,1
1628,1,0,1,0,1,1,1,1
1629,1,1,1,1,1,0,0,1
1630,1,1,0,1,1,0,0,0
1631,0,0,1,0,1,1,1,1
1632,0,0,0,1,1,0,0,0
1633,1,0,0,1,1,0,0,1
1634,1,0,1,0,1,0,0,0
1635,1,0,1,0,1,0,0,0
1636,1,0,1,1,1,0,0,0
1637,1,0,0,1,0,0,0,1
1638,1,0,0,0,0,0,0,1
1639,0,0,1,0,1,0,0,0
1640,1,1,1,1,1,0,0,0
1641,1,0,1,0,1,0,0,1
1642,1,1,1,1,1,0,0,0
1643,1,0,0,0,1,0,0,1
1644,0,0,1,1,1,1,1,0
1645,1,0,1,0,1,0,0,1
1646,0,0,1,0,1,1,0,0
1647,0,0,1,0,1,0,0,0
1648,0,0,1,0,1,1,1,0
1649,1,0,0,0,0,0,0,0
1650,1,0,0,0,0,0,0,0
1651,1,0,0,0,1,0,0,0
1652,1,0,1,1,0,0,0,1
1653,1,1,1,1,1,1,0,1
1654,1,0,1,1,1,1,0,1
1655,0,0,1,1,1,0,0,0
1656,0,0,1,1,0,0,0,0
1657,0,0,1,1,1,0,0,0
1658,0,0,1,1,1,1,1,0
1659,0,0,1,0,1,0,0,1
1660,0,0,1,1,1,0,0,1
1661,1,1,0,1,1,0,0,1
1662,1,1,1,1,1,1,0,0
1663,0,0,0,0,1,0,0,0
1664,0,0,0,0,1,0,0,0
1665,0,0,1,0,1,0,0,0
1666,0,0,1,1,1,0,0,0
1667,1,0,0,1,1,0,0,1
1668,1,1,1,1,1,1,1,1
1669,0,1,0,1,0,0,0,0
1670,1,1,1,1,1,0,0,0
1671,1,1,1,1,0,1,1,1
1672,1,0,1,0,0,1,1,1
1673,0,0,0,0,1,0,0,0
1674,1,0,1,1,1,0,0,1
1675,1,0,1,0,1,0,0,1
1676,1,0,1,1,1,0,0,1
1677,0,0,0,0,1,0,0,1
1678,1,0,1,0,0,0,0,1
1679,1,0,0,0,1,0,0,0
1680,1,0,0,0,1,0,0,0
1681,0,0,1,0,1,0,0,0
1682,0,0,1,0,0,0,0,0
1684,1,0,0,0,1,0,0,0
1685,1,0,0,0,1,0,0,0
1686,0,0,1,0,1,0,0,0
1687,1,0,1,0,1,0,0,0
1688,1,0,1,0,1,0,0,0
1689,1,0,0,0,1,0,0,0
1690,0,0,1,1,1,0,0,0
1691,0,0,1,1,1,1,1,0
1692,0,0,1,1,1,1,1,0
1693,1,1,1,1,1,0,0,1
1694,1,1,1,1,1,0,0,0
1695,0,0,1,1,0,0,0,0
1696,1,0,1,0,1,1,0,1
1697,1,0,0,0,1,0,0,1
1698,0,0,0,0,1,0,0,0
1699,0,0,0,1,1,1,1,0
1700,0,0,1,1,1,1,0,0
1701,0,0,1,0,1,1,1,0
1702,1,0,1,1,0,0,0,1
1703,0,0,1,1,0,0,0,1
1704,0,0,1,1,1,1,1,1
1705,1,0,0,0,0,0,0,0
1706,0,0,0,0,1,0,0,0
1707,0,0,0,1,1,0,0,0
1708,1,1,1,1,1,1,1,1
1709,1,0,0,0,1,0,0,0
1710,0,0,1,1,1,0,0,0
1711,1,0,1,0,1,0,0,0
1712,1,0,1,0,0,0,0,1
1713,1,0,1,0,1,0,0,0
1714,0,0,0,0,1,0,0,0
1715,0,0,1,1,1,0,0,0
1716,1,1,1,1,1,0,0,1
1717,1,0,0,0,1,0,0,1
1718,1,0,1,0,1,1,1,0
1719,1,1,1,1,1,1,0,1
1720,0,0,1,0,1,1,0,1
1721,1,0,1,0,1,0,0,1
1722,1,1,1,1,1,0,0,1
1723,1,0,0,0,1,0,0,1
1724,0,0,1,1,1,1,0,1
1725,1,0,0,0,1,0,0,1
1726,1,0,0,0,0,0,0,1
1727,1,0,0,0,1,0,0,1
1728,1,0,0,1,1,0,0,1
1729,0,0,1,1,1,1,1,0
1730,1,0,0,0,0,0,0,0
1731,1,0,0,0,1,0,0,1
1732,1,0,0,0,1,1,1,1
1733,1,1,1,1,1,1,0,1
1734,0,0,1,1,1,0,0,0
1735,0,0,0,0,1,0,0,1
1736,0,0,1,0,1,1,1,0
1737,0,0,1,0,1,0,0,0
1738,1,0,0,0,0,0,0,1
1739,1,0,0,0,1,0,0,1
1740,1,0,0,0,1,0,0,1
1741,0,0,1,1,1,1,1,0
1742,0,0,1,0,1,0,0,0
1743,0,0,1,0,1,0,0,0
1744,0,0,0,0,1,0,0,0
1745,0,0,1,1,0,0,0,0
1746,1,0,1,0,1,0,0,1
1747,0,0,0,0,0,0,0,0
1749,1,1,1,1,1,1,1,1
1750,0,0,1,1,1,0,0,0
1751,0,0,1,1,1,0,0,0
1752,0,0,0,0,1,0,0,0
1753,1,0,1,0,0,0,0,0
1754,0,0,0,1,1,0,0,0
1755,1,1,0,1,0,0,0,1
1756,0,0,1,0,0,0,0,0
1757,1,0,0,0,0,0,0,0
1758,1,1,0,0,1,0,0,0
1759,0,0,0,1,1,0,0,0
1760,1,1,1,1,1,0,0,1
1761,1,0,1,0,1,1,1,1
1762,1,0,0,0,0,0,0,0
1763,1,0,0,1,0,0,0,0
1764,0,0,1,0,0,1,1,1
1765,1,0,1,0,1,1,1,0
1766,0,0,1,0,1,0,0,0
1767,1,1,1,1,1,1,0,0
1768,0,0,1,0,1,1,1,0
1769,0,0,1,1,1,1,0,1
1770,1,0,0,1,1,0,0,1
1771,1,1,1,1,1,1,0,1
1772,1,0,1,1,0,1,0,0
1773,1,1,1,1,0,1,0,0
1774,1,0,1,0,1,1,0,1
1775,1,0,1,0,1,1,1,1
1776,1,0,1,0,1,1,0,1
1777,0,0,0,1,1,0,0,1
1778,1,1,1,1,1,1,0,1
1779,0,0,1,0,1,0,0,0
1780,1,1,1,1,1,0,0,0
1781,0,0,1,1,1,0,0,0
1782,0,0,1,1,1,0,0,0
1783,1,0,0,0,1,0,0,0
1784,1,0,0,0,0,0,0,1
1785,1,0,1,0,1,0,0,1
1786,1,0,1,0,1,0,0,1
1787,0,0,1,1,1,0,0,0
1788,1,1,1,1,1,0,0,0
1789,0,0,1,0,1,1,1,0
1790,1,1,1,1,1,0,0,1
1791,1,1,1,1,0,0,0,0
1792,1,0,1,1,1,0,0,1
1793,0,0,1,1,1,1,1,0
1795,0,0,1,1,1,1,0,0
1796,0,0,1,1,1,1,0,0
1797,0,0,0,1,1,0,0,0
1798,1,0,1,0,0,0,0,1
1800,1,0,0,0,1,0,0,0
1801,1,0,1,1,0,0,0,1
1802,0,0,1,0,1,1,1,0
1803,1,0,1,0,1,1,0,0
1804,0,0,1,1,0,0,0,0
1805,1,0,1,0,1,1,0,0
1806,1,1,1,1,1,0,0,1
1807,1,0,1,0,0,0,0,0
1808,0,0,1,0,1,1,1,0
1809,0,0,1,1,1,0,0,0
1810,1,0,1,0,1,1,0,1
1811,1,0,1,0,1,1,1,1
1812,1,0,1,0,0,0,0,0
1813,0,0,1,1,1,1,0,0
1814,1,0,1,1,1,1,1,1
1815,1,1,1,1,1,0,0,1
1816,1,1,0,1,1,0,0,0
1817,1,0,0,0,1,0,0,1
1818,0,0,1,1,1,1,1,0
1819,1,0,0,0,1,0,0,1
1821,1,0,1,0,1,1,0,0
1822,0,0,1,0,0,0,0,1
1823,1,1,1,1,1,0,0,1
1824,0,0,1,1,1,1,1,0
1826,1,0,0,0,1,0,0,1
1827,1,0,0,0,1,0,0,0
1828,0,0,1,1,1,0,0,0
1829,1,0,1,0,1,0,0,0
1830,1,1,1,1,0,1,0,1
1831,1,0,0,0,1,0,0,1
1832,1,0,1,0,1,0,0,0
1833,1,0,0,0,1,0,0,1
1834,1,1,1,1,1,0,0,0
1835,1,0,0,0,1,0,0,1
1836,1,0,1,0,1,0,0,1
1837,0,0,1,1,1,0,0,0
1838,0,0,1,0,1,1,1,0
1839,0,0,1,1,1,0,0,0
1840,1,1,1,1,1,1,0,1
1841,1,1,1,1,1,0,0,0
1843,1,0,0,0,1,0,0,1
1844,0,0,1,0,1,1,1,1
1845,1,1,1,1,1,0,0,1
1846,0,0,1,1,1,0,0,0
1847,0,0,1,1,1,0,0,0
1848,1,1,1,1,1,0,0,1
1849,1,1,1,1,1,0,0,1
1850,1,1,1,1,1,0,0,0
1851,0,0,0,0,1,0,0,0
1852,1,1,1,1,1,0,0,1
1853,0,0,1,1,0,0,0,1
1854,1,0,1,0,0,0,0,0
1855,1,1,1,1,1,0,0,0
1856,0,0,1,0,0,0,0,0
1857,0,0,1,1,1,0,0,0
1858,1,1,1,1,1,1,0,0
1859,0,0,1,1,1,0,0,0
1860,0,0,1,1,1,0,0,0
1861,1,1,0,1,1,0,0,1
1862,1,0,1,1,1,1,1,0
1863,1,1,1,1,1,0,0,1
1864,0,0,1,1,1,0,0,0
1865,1,0,1,0,1,0,0,0
1866,0,0,1,1,0,0,0,0
1867,1,0,0,0,1,0,0,1
1868,1,0,1,0,1,1,1,1
1869,1,0,0,1,0,0,0,1
1871,1,0,1,0,1,0,0,1
1872,1,0,1,0,1,1,0,0
1873,1,1,1,1,1,0,0,1
1874,1,1,0,1,0,0,0,0
1875,1,1,0,1,1,0,0,0
1876,1,1,1,1,1,0,0,1
1877,1,0,1,0,0,0,0,0
1878,0,0,1,0,1,0,0,0
1879,0,0,1,1,1,1,1,0
1880,0,0,1,1,1,1,1,0
1881,0,0,1,1,1,0,0,0
1882,1,0,1,0,1,1,1,1
1883,1,1,0,1,1,0,0,0
1884,1,1,1,1,1,1,0,0
1885,1,1,0,1,1,0,0,1
1886,1,1,1,1,1,0,0,0
1887,0,0,0,0,1,0,0,1
1888,1,1,1,1,1,0,0,1
1889,0,0,1,1,1,0,0,0
1890,0,0,1,1,1,0,0,0
1891,0,0,1,1,1,0,0,0
1892,0,1,1,1,1,0,0,1
1893,1,1,1,1,1,0,0,0
1894,0,0,1,1,1,1,1,0
1895,1,0,1,0,1,1,0,0
1896,0,0,1,1,1,1,1,0
1897,0,0,1,1,1,1,1,0
1898,0,0,1,0,1,1,1,0
1899,0,0,1,0,1,1,1,0
1900,1,0,1,1,0,0,0,1
1901,1,1,1,1,1,0,0,0
1902,1,0,1,1,1,1,0,1
1903,0,0,1,1,1,0,0,0
1904,1,1,1,1,1,1,1,0
1905,0,0,1,1,1,1,1,0
1906,1,1,1,1,1,1,1,1
1907,0,0,0,0,1,0,0,0
1908,1,0,0,0,1,0,0,1
1909,1,0,1,0,1,0,0,0
1911,1,0,1,1,1,1,0,1
1912,1,1,1,1,1,0,0,0
1913,1,0,0,0,0,0,0,1
1914,1,0,0,0,0,0,0,1
1915,1,0,1,0,1,0,0,1
1916,1,1,1,1,1,1,0,1
1917,1,1,1,1,1,0,0,0
1918,0,0,0,1,1,0,0,0
1919,0,0,1,0,1,0,0,0
1920,1,0,1,0,1,1,0,1
1921,1,1,1,1,1,1,0,1
1922,1,0,1,0,0,1,0,1
1923,0,0,1,1,1,0,0,0
1924,1,1,1,1,0,0,0,1
1925,1,1,1,1,1,0,0,0
1926,1,1,1,1,1,0,0,0
1927,1,1,1,1,1,0,0,1
1928,1,1,1,1,1,0,0,1
1929,1,0,1,1,1,0,0,1
1930,0,0,1,1,1,0,0,1
1931,1,0,0,0,1,0,0,1
1932,0,0,1,1,1,0,0,0
1933,0,0,1,1,1,0,0,0
1934,0,0,1,1,0,0,0,1
1935,0,0,1,0,1,0,0,0
1936,0,0,1,1,0,0,0,0
1937,0,0,1,1,1,0,0,0
1938,0,0,1,0,1,0,0,0
1939,0,0,1,1,1,0,0,0
1940,0,0,1,1,1,1,1,0
1941,1,0,0,0,1,0,0,1
1942,1,0,0,0,1,0,0,0
1943,1,0,1,1,1,1,1,1
1944,1,0,1,0,1,1,1,1
1945,1,0,0,0,1,0,0,1
1946,0,0,1,1,1,0,0,0
1947,1,0,0,1,1,0,0,1
1948,0,0,1,1,1,0,0,0
1949,1,1,1,1,1,0,0,0
1950,0,0,1,1,1,1,1,0
1951,0,0,1,1,1,0,0,0
1952,1,0,1,0,1,1,0,1
1953,0,0,0,1,1,0,0,0
1954,1,1,1,1,1,0,0,0
1956,1,1,1,1,1,1,0,0
1957,0,0,1,0,1,0,0,0
1958,1,1,1,1,1,1,0,1
1959,1,0,1,1,1,1,0,0
1960,0,0,1,0,1,1,0,0
1961,0,0,1,1,1,0,0,0
1962,0,0,1,1,1,1,0,0
1963,1,1,1,0,0,0,0,1
1964,0,0,1,0,1,0,0,0
1965,1,0,1,0,1,0,0,1
1966,1,0,0,0,1,0,0,1
1967,0,0,1,0,0,0,0,0
1968,1,0,1,0,1,0,0,1
1969,1,0,0,0,1,0,0,1
1970,1,0,1,1,1,1,1,1
1971,0,0,1,1,1,1,1,0
1972,0,0,1,0,1,1,0,1
1973,1,1,1,1,1,0,0,1
1974,1,1,1,1,1,0,0,0
1975,1,1,1,1,1,0,0,0
1976,1,1,1,1,1,0,0,1
1977,1,1,1,1,1,0,0,1
1978,1,1,1,1,1,1,0,0
1979,1,0,1,0,1,0,0,1
1980,1,0,1,0,1,0,0,1
1981,0,0,1,0,0,1,1,0
1982,1,0,0,0,1,0,0,0
1983,1,1,1,1,1,0,0,0
1984,1,1,1,1,1,0,0,1
1985,0,0,0,1,1,0,0,0
1986,1,1,1,1,1,0,0,1
1987,1,0,1,0,0,0,0,0
1988,1,0,0,0,1,0,0,0
1989,1,1,1,1,1,1,1,1
1990,0,0,1,1,1,0,0,0
1991,1,1,1,1,1,1,0,1
1992,0,0,1,0,1,0,0,1
1993,0,0,1,0,1,0,0,0
1994,0,0,1,0,0,0,0,0
1995,1,0,1,1,1,0,0,0
1996,1,1,1,1,1,0,0,1
1997,0,0,1,1,1,0,0,0
1998,0,0,1,1,1,1,1,0
2000,0,0,1,1,0,0,0,0
2001,1,0,1,1,1,0,0,0
2002,1,1,1,1,1,0,0,1
2003,0,0,1,1,1,1,1,0
2004,1,1,1,1,1,0,0,1
2005,1,1,1,1,1,1,0,1
2006,1,1,1,1,1,0,0,0
2007,0,0,1,1,1,1,1,1
2008,0,0,1,0,1,0,0,0
2009,1,1,1,1,1,0,0,0
2010,1,0,1,0,0,0,0,1
2011,1,0,0,0,1,0,0,0
2012,1,0,1,0,1,0,0,1
2013,0,0,1,0,1,1,1,0
2014,0,0,1,1,1,1,1,0
2015,0,0,1,0,1,1,0,0
2016,1,0,0,0,1,0,0,0
2017,0,0,1,1,1,1,1,0
2018,1,0,1,1,0,0,0,1
2019,1,0,0,0,0,0,0,1
2020,1,0,1,0,1,0,0,0
2021,0,0,1,1,1,1,1,0
2022,0,0,1,1,0,1,0,1
2023,1,0,0,0,1,0,0,1
2024,1,0,1,1,0,0,0,1
2025,1,0,1,1,1,0,0,1
2026,0,0,1,0,1,0,0,1
2027,1,0,1,0,1,1,0,1
2028,0,0,0,0,1,0,0,0
2029,1,1,1,1,1,0,0,1
2030,1,0,1,0,1,0,0,1
2031,1,0,1,0,1,0,0,1
2032,1,0,0,0,1,0,0,1
2033,1,0,0,0,1,0,0,0
2034,1,0,0,0,0,0,0,1
2036,1,0,1,0,1,0,0,0
2037,0,0,1,1,1,1,1,0
2038,0,0,1,0,0,1,1,0
2039,1,1,1,1,1,0,0,1
2040,0,0,1,1,1,1,1,0
